Filepath,1.action start,1.action end,2.action start,2.action end,3.action start,3.action end,4.action start,4.action end,5.action start,5.action end,6.action start,6.action end,,,,
Abuse/Abuse028_x264.mp4,5,8,,,,,,,,,,,,,,
Abuse/Abuse001_x264.mp4,8,10,33,36,59,61,76,78,,,,,,,,
Abuse/Abuse002_x264.mp4,3,13,,,,,,,,,,,,,,
Abuse/Abuse003_x264.mp4,30,42,68,80,94,104,108,115,,,,,,,,
Abuse/Abuse004_x264.mp4,28,66,107,181,,,,,,,,,,,,
Abuse/Abuse005_x264.mp4,2,4,24,30,,,,,,,,,,,,
Abuse/Abuse006_x264.mp4,10,85,100,144,,,,,,,,,,,,
Abuse/Abuse007_x264.mp4,2,5,,,,,,,,,,,,,,
Abuse/Abuse008_x264.mp4,147,151,,,,,,,,,,,,,,
Abuse/Abuse009_x264.mp4,8,12,14,20,22,25,,,,,,,,,,
Abuse/Abuse010_x264.mp4,2,6,,,,,,,,,,,,,,
Abuse/Abuse011_x264.mp4,10,17,20,26,31,43,45,94,108,111,114,116,,,,
Abuse/Abuse012_x264.mp4,11,14,15,18,55,59,60,69,,,,,,,,
Abuse/Abuse013_x264.mp4,0,6,8,14,22,55,137,160,,,,,,,,
Abuse/Abuse014_x264.mp4,43,47,,,,,,,,,,,,,,
Abuse/Abuse015_x264.mp4,95,125,170,180,194,250,,,,,,,,,,
Abuse/Abuse016_x264.mp4,20,39,,,,,,,,,,,,,,
Abuse/Abuse017_x264.mp4,2,55,,,,,,,,,,,,,,
Abuse/Abuse018_x264.mp4,54,80,,,,,,,,,,,,,,
Abuse/Abuse019_x264.mp4,62,126,,,,,,,,,,,,,,
Abuse/Abuse020_x264.mp4,2,5,55,95,,,,,,,,,,,,
Abuse/Abuse021_x264.mp4,0,26,27,40,41,60,,,,,,,,,,
Abuse/Abuse022_x264.mp4,5,80,,,,,,,,,,,,,,
Abuse/Abuse023_x264.mp4,0,12,17,32,,,,,,,,,,,,
Abuse/Abuse024_x264.mp4,18,33,,,,,,,,,,,,,,
Abuse/Abuse025_x264.mp4,2,65,,,,,,,,,,,,,,
Abuse/Abuse026_x264.mp4,3,65,,,,,,,,,,,,,,
Abuse/Abuse027_x264.mp4,57,144,,,,,,,,,,,,,,
Abuse/Abuse029_x264.mp4,3,9,,,,,,,,,,,,,,
Abuse/Abuse031_x264.mp4,55,80,125,146,,,,,,,,,,,,
Abuse/Abuse032_x264.mp4,18,34,47,74,,,,,,,,,,,,
Abuse/Abuse033_x264.mp4,2,20,37,47,51,88,,,,,,,,,,
Abuse/Abuse034_x264.mp4,25,43,,,,,,,,,,,,,,
Abuse/Abuse035_x264.mp4,1,40,47,55,65,81,,,,,,,,,,
Abuse/Abuse036_x264.mp4,14,136,,,,,,,,,,,,,,
Abuse/Abuse037_x264.mp4,5,23,,,,,,,,,,,,,,
Abuse/Abuse038_x264.mp4,8,11,,,,,,,,,,,,,,
Abuse/Abuse039_x264.mp4,379,465,,,,,,,,,,,,,,
Abuse/Abuse040_x264.mp4,83,92,,,,,,,,,,,,,,
Abuse/Abuse041_x264.mp4,3,18,,,,,,,,,,,,,,
Abuse/Abuse042_x264.mp4,257,450,653,853,,,,,,,,,,,,
Abuse/Abuse043_x264.mp4,0,42,53,125,,,,,,,,,,,,
Abuse/Abuse044_x264.mp4,62,125,,,,,,,,,,,,,,
Abuse/Abuse045_x264.mp4,0,10,13,70,77,82,111,168,,,,,,,,
Abuse/Abuse046_x264.mp4,3,19,32,36,,,,,,,,,,,,
Abuse/Abuse047_x264.mp4,1,10,14,30,14,44,,,,,,,,,,
Abuse/Abuse048_x264.mp4,0,54,55,62,65,67,72,113,,,,,,,,
Abuse/Abuse049_x264.mp4,19,57,,,,,,,,,,,,,,
Abuse/Abuse050_x264.mp4,12,64,73,155,,,,,,,,,,,,
Arrest/Arrest002_x264.mp4,4,55,,,,,,,,,,,,,,
Arrest/Arrest003_x264.mp4,20,36,45,101,,,,,,,,,,,,
Arrest/Arrest004_x264.mp4,26,119,,,,,,,,,,,,,,
Arrest/Arrest005_x264.mp4,8,101,,,,,,,,,,,,,,
Arrest/Arrest006_x264.mp4,34,101,,,,,,,,,,,,,,
Arrest/Arrest008_x264.mp4,172,194,,,,,,,,,,,,,,
Arrest/Arrest009_x264.mp4,29,56,,,,,,,,,,,,,,
Arrest/Arrest010_x264.mp4,52,76,,,,,,,,,,,,,,
Arrest/Arrest011_x264.mp4,20,72,,,,,,,,,,,,,,
Arrest/Arrest012_x264.mp4,18,70,,,,,,,,,,,,,,
Arrest/Arrest013_x264.mp4,7,18,,,,,,,,,,,,,,
Arrest/Arrest014_x264.mp4,39,47,,,,,,,,,,,,,,
Arrest/Arrest015_x264.mp4,5,28,,,,,,,,,,,,,,
Arrest/Arrest016_x264.mp4,36,237,,,,,,,,,,,,,,
Arrest/Arrest017_x264.mp4,25,113,,,,,,,,,,,,,,
Arrest/Arrest018_x264.mp4,18,45,,,,,,,,,,,,,,
Arrest/Arrest019_x264.mp4,1,45,,,,,,,,,,,,,,
Arrest/Arrest020_x264.mp4,65,85,,,,,,,,,,,,,,
Arrest/Arrest021_x264.mp4,64,260,,,,,,,,,,,,,,
Arrest/Arrest022_x264.mp4,10,52,,,,,,,,,,,,,,
Arrest/Arrest023_x264.mp4,1,59,,,,,,,,,,,,,,
Arrest/Arrest025_x264.mp4,10,34,,,,,,,,,,,,,,
Arrest/Arrest026_x264.mp4,23,195,,,,,,,,,,,,,,
Arrest/Arrest027_x264.mp4,1,55,,,,,,,,,,,,,,
Arrest/Arrest028_x264.mp4,22,80,,,,,,,,,,,,,,
Arrest/Arrest029_x264.mp4,10,36,50,192,,,,,,,,,,,,
Arrest/Arrest031_x264.mp4,44,60,,,,,,,,,,,,,,
Arrest/Arrest032_x264.mp4,5,18,22,35,,,,,,,,,,,,
Arrest/Arrest033_x264.mp4,10,93,,,,,,,,,,,,,,
Arrest/Arrest034_x264.mp4,93,360,,,,,,,,,,,,,,
Arrest/Arrest035_x264.mp4,132,205,,,,,,,,,,,,,,
Arrest/Arrest036_x264.mp4,29,115,,,,,,,,,,,,,,
Arrest/Arrest037_x264.mp4,9,70,,,,,,,,,,,,,,
Arrest/Arrest038_x264.mp4,4,72,,,,,,,,,,,,,,
Arrest/Arrest040_x264.mp4,24,58,,,,,,,,,,,,,,
Arrest/Arrest041_x264.mp4,15,90,109,124,,,,,,,,,,,,
Arrest/Arrest042_x264.mp4,10,52,,,,,,,,,,,,,,
Arrest/Arrest043_x264.mp4,63,359,,,,,,,,,,,,,,
Arrest/Arrest044_x264.mp4,30,98,,,,,,,,,,,,,,
Arrest/Arrest046_x264.mp4,6,256,,,,,,,,,,,,,,
Arrest/Arrest047_x264.mp4,101,1815,,,,,,,,,,,,,,
Arrest/Arrest048_x264.mp4,35,135,,,,,,,,,,,,,,
Arrest/Arrest049_x264.mp4,99,250,,,,,,,,,,,,,,
Arrest/Arrest050_x264.mp4,75,236,,,,,,,,,,,,,,
Arrest/Arrest051_x264.mp4,92,300,,,,,,,,,,,,,,
Arson/Arson001_x264.mp4,61,66,98,104,,,,,,,,,,,,
Arson/Arson002_x264.mp4,90,135,,,,,,,,,,,,,,
Arson/Arson003_x264.mp4,3,88,92,132,,,,,,,,,,,,
Arson/Arson005_x264.mp4,1,38,,,,,,,,,,,,,,
Arson/Arson006_x264.mp4,19,86,,,,,,,,,,,,,,
Arson/Arson008_x264.mp4,2,17,34,,,,,,,,,,,,,
Arson/Arson012_x264.mp4,4,11,13,29,,,,,,,,,,,,
Arson/Arson013_x264.mp4,129,190,,,,,,,,,,,,,,
Arson/Arson014_x264.mp4,33,86,,,,,,,,,,,,,,
Arson/Arson015_x264.mp4,222,260,322,339,,,,,,,,,,,,
Arson/Arson017_x264.mp4,19,40,,,,,,,,,,,,,,
Arson/Arson019_x264.mp4,400,840,,,,,,,,,,,,,,
Arson/Arson020_x264.mp4,45,79,,,,,,,,,,,,,,
Arson/Arson021_x264.mp4,8,47,,,,,,,,,,,,,,
Arson/Arson023_x264.mp4,11,45,,,,,,,,,,,,,,
Arson/Arson024_x264.mp4,40,111,,,,,,,,,,,,,,
Arson/Arson025_x264.mp4,12,140,,,,,,,,,,,,,,
Arson/Arson026_x264.mp4,24,192,,,,,,,,,,,,,,
Arson/Arson027_x264.mp4,27,51,53,82,,,,,,,,,,,,
Arson/Arson028_x264.mp4,51,79,,,,,,,,,,,,,,
Arson/Arson029_x264.mp4,15,43,,,,,,,,,,,,,,
Arson/Arson030_x264.mp4,13,80,115,165,,,,,,,,,,,,
Arson/Arson031_x264.mp4,3,48,56,89,,,,,,,,,,,,
Arson/Arson032_x264.mp4,2,38,54,68,71,90,,,,,,,,,,
Arson/Arson034_x264.mp4,16,77,,,,,,,,,,,,,,
Arson/Arson036_x264.mp4,1,55,,,,,,,,,,,,,,
Arson/Arson037_x264.mp4,4,25,,,,,,,,,,,,,,
Arson/Arson038_x264.mp4,0,20,,,,,,,,,,,,,,
Arson/Arson039_x264.mp4,0,10,77,87,,,,,,,,,,,,
Arson/Arson040_x264.mp4,2,16,34,93,,,,,,,,,,,,
Arson/Arson042_x264.mp4,131,191,,,,,,,,,,,,,,
Arson/Arson044_x264.mp4,0,39,,,,,,,,,,,,,,
Arson/Arson045_x264.mp4,15,124,,,,,,,,,,,,,,
Arson/Arson046_x264.mp4,22,67,,,,,,,,,,,,,,
Arson/Arson047_x264.mp4,14,46,,,,,,,,,,,,,,
Arson/Arson048_x264.mp4,2,10,,,,,,,,,,,,,,
Arson/Arson049_x264.mp4,0,11,,,,,,,,,,,,,,
Arson/Arson050_x264.mp4,26,51,,,,,,,,,,,,,,
Arson/Arson051_x264.mp4,4,33,,,,,,,,,,,,,,
Arson/Arson052_x264.mp4,27,43,,,,,,,,,,,,,,
Arson/Arson053_x264.mp4,21,224,,,,,,,,,,,,,,
Assault/Assault001_x264.mp4,4,40,58,65,,,,,,,,,,,,
Assault/Assault002_x264.mp4,4,70,,,,,,,,,,,,,,
Assault/Assault003_x264.mp4,10,78,93,95,,,,,,,,,,,,
Assault/Assault004_x264.mp4,24,89,,,,,,,,,,,,,,
Assault/Assault005_x264.mp4,12,35,,,,,,,,,,,,,,
Assault/Assault007_x264.mp4,20,61,,,,,,,,,,,,,,
Assault/Assault008_x264.mp4,20,75,91,97,132,246,,,,,,,,,,
Assault/Assault009_x264.mp4,14,30,41,53,,,,,,,,,,,,
Assault/Assault012_x264.mp4,10,15,,,,,,,,,,,,,,
Assault/Assault013_x264.mp4,18,27,,,,,,,,,,,,,,
Assault/Assault014_x264.mp4,9,29,,,,,,,,,,,,,,
Assault/Assault015_x264.mp4,13,46,,,,,,,,,,,,,,
Assault/Assault016_x264.mp4,32,51,114,127,,,,,,,,,,,,
Assault/Assault017_x264.mp4,32,43,,,,,,,,,,,,,,
Assault/Assault018_x264.mp4,1,4,,,,,,,,,,,,,,
Assault/Assault019_x264.mp4,31,50,,,,,,,,,,,,,,
Assault/Assault020_x264.mp4,2,6,,,,,,,,,,,,,,
Assault/Assault022_x264.mp4,1,28,,,,,,,,,,,,,,
Assault/Assault023_x264.mp4,28,30,,,,,,,,,,,,,,
Assault/Assault024_x264.mp4,3,14,,,,,,,,,,,,,,
Assault/Assault025_x264.mp4,13,30,,,,,,,,,,,,,,
Assault/Assault026_x264.mp4,6,27,,,,,,,,,,,,,,
Assault/Assault027_x264.mp4,80,94,112,122,168,174,,,,,,,,,,
Assault/Assault028_x264.mp4,20,35,,,,,,,,,,,,,,
Assault/Assault029_x264.mp4,0,16,,,,,,,,,,,,,,
Assault/Assault030_x264.mp4,21,45,,,,,,,,,,,,,,
Assault/Assault031_x264.mp4,6,20,,,,,,,,,,,,,,
Assault/Assault032_x264.mp4,6,18,,,,,,,,,,,,,,
Assault/Assault033_x264.mp4,21,41,,,,,,,,,,,,,,
Assault/Assault034_x264.mp4,51,75,,,,,,,,,,,,,,
Assault/Assault035_x264.mp4,6,24,,,,,,,,,,,,,,
Assault/Assault036_x264.mp4,2,29,,,,,,,,,,,,,,
Assault/Assault037_x264.mp4,20,25,87,92,,,,,,,,,,,,
Assault/Assault038_x264.mp4,2,3,,,,,,,,,,,,,,
Assault/Assault039_x264.mp4,3,7,,,,,,,,,,,,,,
Assault/Assault040_x264.mp4,24,65,,,,,,,,,,,,,,
Assault/Assault041_x264.mp4,15,21,,,,,,,,,,,,,,
Assault/Assault042_x264.mp4,5,96,,,,,,,,,,,,,,
Assault/Assault044_x264.mp4,0,18,,,,,,,,,,,,,,
Assault/Assault045_x264.mp4,2,7,,,,,,,,,,,,,,
Assault/Assault046_x264.mp4,0,25,,,,,,,,,,,,,,
Assault/Assault047_x264.mp4,1,35,,,,,,,,,,,,,,
Assault/Assault048_x264.mp4,6,13,,,,,,,,,,,,,,
Assault/Assault049_x264.mp4,12,40,,,,,,,,,,,,,,
Assault/Assault050_x264.mp4,2,20,,,,,,,,,,,,,,
Assault/Assault051_x264.mp4,9,18,,,,,,,,,,,,,,
Assault/Assault052_x264.mp4,5,17,,,,,,,,,,,,,,
Burglary/Burglary001_x264.mp4,8,117,,,,,,,,,,,,,,
Burglary/Burglary002_x264.mp4,9,90,,,,,,,,,,,,,,
Burglary/Burglary003_x264.mp4,2,38,,,,,,,,,,,,,,
Burglary/Burglary004_x264.mp4,4,56,,,,,,,,,,,,,,
Burglary/Burglary006_x264.mp4,7,258,,,,,,,,,,,,,,
Burglary/Burglary007_x264.mp4,3,35,,,,,,,,,,,,,,
Burglary/Burglary008_x264.mp4,11,97,,,,,,,,,,,,,,
Burglary/Burglary009_x264.mp4,26,70,,,,,,,,,,,,,,
Burglary/Burglary010_x264.mp4,95,182,,,,,,,,,,,,,,
Burglary/Burglary011_x264.mp4,2,60,,,,,,,,,,,,,,
Burglary/Burglary012_x264.mp4,0,55,,,,,,,,,,,,,,
Burglary/Burglary013_x264.mp4,6,66,,,,,,,,,,,,,,
Burglary/Burglary014_x264.mp4,6,85,,,,,,,,,,,,,,
Burglary/Burglary015_x264.mp4,4,34,,,,,,,,,,,,,,
Burglary/Burglary016_x264.mp4,23,174,,,,,,,,,,,,,,
Burglary/Burglary019_x264.mp4,1,83,,,,,,,,,,,,,,
Burglary/Burglary020_x264.mp4,7,86,,,,,,,,,,,,,,
Burglary/Burglary022_x264.mp4,10,85,,,,,,,,,,,,,,
Burglary/Burglary023_x264.mp4,1,132,,,,,,,,,,,,,,
Burglary/Burglary025_x264.mp4,11,38,76,130,139,205,,,,,,,,,,
Burglary/Burglary026_x264.mp4,2,45,,,,,,,,,,,,,,
Burglary/Burglary027_x264.mp4,1,60,,,,,,,,,,,,,,
Burglary/Burglary028_x264.mp4,2,30,,,,,,,,,,,,,,
Burglary/Burglary029_x264.mp4,0,151,,,,,,,,,,,,,,
Burglary/Burglary030_x264.mp4,10,29,,,,,,,,,,,,,,
Burglary/Burglary031_x264.mp4,50,194,,,,,,,,,,,,,,
Burglary/Burglary034_x264.mp4,9,36,,,,,,,,,,,,,,
Burglary/Burglary036_x264.mp4,1,32,,,,,,,,,,,,,,
Burglary/Burglary038_x264.mp4,0,16,,,,,,,,,,,,,,
Burglary/Burglary040_x264.mp4,61,175,,,,,,,,,,,,,,
Burglary/Burglary041_x264.mp4,4,58,,,,,,,,,,,,,,
Burglary/Burglary042_x264.mp4,7,132,,,,,,,,,,,,,,
Burglary/Burglary043_x264.mp4,15,17,,,,,,,,,,,,,,
Burglary/Burglary044_x264.mp4,18,110,,,,,,,,,,,,,,
Burglary/Burglary045_x264.mp4,0,291,,,,,,,,,,,,,,
Burglary/Burglary046_x264.mp4,16,75,,,,,,,,,,,,,,
Burglary/Burglary047_x264.mp4,9,87,,,,,,,,,,,,,,
Burglary/Burglary048_x264.mp4,9,53,,,,,,,,,,,,,,
Burglary/Burglary049_x264.mp4,2,304,,,,,,,,,,,,,,
Burglary/Burglary050_x264.mp4,9,27,,,,,,,,,,,,,,
Burglary/Burglary051_x264.mp4,0,41,,,,,,,,,,,,,,
Burglary/Burglary052_x264.mp4,88,308,,,,,,,,,,,,,,
Burglary/Burglary053_x264.mp4,90,103,,,,,,,,,,,,,,
Burglary/Burglary054_x264.mp4,1,9,,,,,,,,,,,,,,
Burglary/Burglary055_x264.mp4,36,90,,,,,,,,,,,,,,
Burglary/Burglary056_x264.mp4,0,46,,,,,,,,,,,,,,
Burglary/Burglary057_x264.mp4,36,183,,,,,,,,,,,,,,
Burglary/Burglary058_x264.mp4,6,378,,,,,,,,,,,,,,
Burglary/Burglary059_x264.mp4,3,14,,,,,,,,,,,,,,
Burglary/Burglary060_x264.mp4,3,17,,,,,,,,,,,,,,
Burglary/Burglary062_x264.mp4,62,197,,,,,,,,,,,,,,
Burglary/Burglary063_x264.mp4,49,122,,,,,,,,,,,,,,
Burglary/Burglary064_x264.mp4,364,1568,,,,,,,,,,,,,,
Burglary/Burglary065_x264.mp4,197,274,,,,,,,,,,,,,,
Burglary/Burglary066_x264.mp4,5,56,,,,,,,,,,,,,,
Burglary/Burglary067_x264.mp4,3,28,,,,,,,,,,,,,,
Burglary/Burglary068_x264.mp4,7,21,,,,,,,,,,,,,,
Burglary/Burglary069_x264.mp4,4,69,,,,,,,,,,,,,,
Burglary/Burglary070_x264.mp4,6,25,,,,,,,,,,,,,,
Burglary/Burglary071_x264.mp4,8,98,,,,,,,,,,,,,,
Burglary/Burglary072_x264.mp4,4,21,69,81,,,,,,,,,,,,
Burglary/Burglary073_x264.mp4,30,91,,,,,,,,,,,,,,
Burglary/Burglary074_x264.mp4,4,67,,,,,,,,,,,,,,
Burglary/Burglary075_x264.mp4,91,166,504,516,,,,,,,,,,,,
Burglary/Burglary077_x264.mp4,3,62,,,,,,,,,,,,,,
Burglary/Burglary078_x264.mp4,0,9,,,,,,,,,,,,,,
Burglary/Burglary080_x264.mp4,3,37,,,,,,,,,,,,,,
Burglary/Burglary081_x264.mp4,7,13,,,,,,,,,,,,,,
Burglary/Burglary082_x264.mp4,28,90,,,,,,,,,,,,,,
Burglary/Burglary083_x264.mp4,69,77,175,195,,,,,,,,,,,,
Burglary/Burglary084_x264.mp4,13,142,,,,,,,,,,,,,,
Burglary/Burglary085_x264.mp4,16,85,,,,,,,,,,,,,,
Burglary/Burglary086_x264.mp4,1,33,105,107,,,,,,,,,,,,
Burglary/Burglary087_x264.mp4,1,13,24,73,,,,,,,,,,,,
Burglary/Burglary088_x264.mp4,3,156,,,,,,,,,,,,,,
Burglary/Burglary089_x264.mp4,3,104,,,,,,,,,,,,,,
Burglary/Burglary090_x264.mp4,9,86,,,,,,,,,,,,,,
Burglary/Burglary091_x264.mp4,7,106,,,,,,,,,,,,,,
Burglary/Burglary093_x264.mp4,17,22,,,,,,,,,,,,,,
Burglary/Burglary094_x264.mp4,14,47,,,,,,,,,,,,,,
Burglary/Burglary095_x264.mp4,122,136,351,375,398,507,569,706,732,853,,,,,,
Burglary/Burglary096_x264.mp4,16,200,,,,,,,,,,,,,,
Burglary/Burglary097_x264.mp4,0,9,,,,,,,,,,,,,,
Burglary/Burglary098_x264.mp4,1,9,,,,,,,,,,,,,,
Burglary/Burglary099_x264.mp4,0,44,,,,,,,,,,,,,,
Burglary/Burglary100_x264.mp4,7,241,,,,,,,,,,,,,,
Explosion/Explosion001_x264.mp4,4,12,,,,,,,,,,,,,,
Explosion/Explosion003_x264.mp4,3,7,,,,,,,,,,,,,,
Explosion/Explosion005_x264.mp4,7,22,,,,,,,,,,,,,,
Explosion/Explosion006_x264.mp4,5,10,38,47,,,,,,,,,,,,
Explosion/Explosion009_x264.mp4,6,18,19,34,,,,,,,,,,,,
Explosion/Explosion012_x264.mp4,2,8,12,18,19,23,,,,,,,,,,
Explosion/Explosion014_x264.mp4,10,40,,,,,,,,,,,,,,
Explosion/Explosion015_x264.mp4,2,8,,,,,,,,,,,,,,
Explosion/Explosion018_x264.mp4,1,3,13,20,32,34,,,,,,,,,,
Explosion/Explosion019_x264.mp4,5,8,,,,,,,,,,,,,,
Explosion/Explosion023_x264.mp4,15,76,,,,,,,,,,,,,,
Explosion/Explosion024_x264.mp4,27,35,,,,,,,,,,,,,,
Explosion/Explosion026_x264.mp4,3,42,,,,,,,,,,,,,,
Explosion/Explosion030_x264.mp4,19,107,,,,,,,,,,,,,,
Explosion/Explosion032_x264.mp4,4,9,30,35,51,67,,,,,,,,,,
Explosion/Explosion034_x264.mp4,1,12,,,,,,,,,,,,,,
Explosion/Explosion037_x264.mp4,4,14,16,30,,,,,,,,,,,,
Explosion/Explosion038_x264.mp4,3,15,33,48,55,61,65,78,,,,,,,,
Explosion/Explosion040_x264.mp4,32,36,53,61,,,,,,,,,,,,
Explosion/Explosion041_x264.mp4,5,90,,,,,,,,,,,,,,
Explosion/Explosion042_x264.mp4,2,11,,,,,,,,,,,,,,
Explosion/Explosion044_x264.mp4,2,5,,,,,,,,,,,,,,
Explosion/Explosion045_x264.mp4,20,24,,,,,,,,,,,,,,
Explosion/Explosion046_x264.mp4,400,1425,,,,,,,,,,,,,,
Explosion/Explosion047_x264.mp4,36,43,,,,,,,,,,,,,,
Explosion/Explosion048_x264.mp4,2,5,8,14,,,,,,,,,,,,
Explosion/Explosion050_x264.mp4,2,6,,,,,,,,,,,,,,
Explosion/Explosion051_x264.mp4,23,93,,,,,,,,,,,,,,
Explosion/Explosion052_x264.mp4,30,121,,,,,,,,,,,,,,
Fighting/Fighting002_x264.mp4,1,35,45,52,,,,,,,,,,,,
Fighting/Fighting004_x264.mp4,0,115,166,250,282,371,397,535,,,,,,,,
Fighting/Fighting005_x264.mp4,35,46,,,,,,,,,,,,,,
Fighting/Fighting006_x264.mp4,9,27,,,,,,,,,,,,,,
Fighting/Fighting007_x264.mp4,0,12,32,90,,,,,,,,,,,,
Fighting/Fighting008_x264.mp4,58,110,149,161,357,380,,,,,,,,,,
Fighting/Fighting009_x264.mp4,51,57,,,,,,,,,,,,,,
Fighting/Fighting010_x264.mp4,92,110,,,,,,,,,,,,,,
Fighting/Fighting011_x264.mp4,65,99,,,,,,,,,,,,,,
Fighting/Fighting012_x264.mp4,2,12,,,,,,,,,,,,,,
Fighting/Fighting013_x264.mp4,2,46,,,,,,,,,,,,,,
Fighting/Fighting014_x264.mp4,63,100,,,,,,,,,,,,,,
Fighting/Fighting015_x264.mp4,75,100,,,,,,,,,,,,,,
Fighting/Fighting016_x264.mp4,2,68,,,,,,,,,,,,,,
Fighting/Fighting017_x264.mp4,16,41,54,63,,,,,,,,,,,,
Fighting/Fighting019_x264.mp4,21,72,,,,,,,,,,,,,,
Fighting/Fighting020_x264.mp4,1,72,,,,,,,,,,,,,,
Fighting/Fighting021_x264.mp4,49,58,,,,,,,,,,,,,,
Fighting/Fighting022_x264.mp4,88,113,,,,,,,,,,,,,,
Fighting/Fighting023_x264.mp4,10,24,,,,,,,,,,,,,,
Fighting/Fighting024_x264.mp4,3,49,,,,,,,,,,,,,,
Fighting/Fighting025_x264.mp4,20,60,127,158,,,,,,,,,,,,
Fighting/Fighting026_x264.mp4,14,29,51,105,,,,,,,,,,,,
Fighting/Fighting027_x264.mp4,70,110,,,,,,,,,,,,,,
Fighting/Fighting028_x264.mp4,14,74,,,,,,,,,,,,,,
Fighting/Fighting029_x264.mp4,6,123,,,,,,,,,,,,,,
Fighting/Fighting030_x264.mp4,37,54,,,,,,,,,,,,,,
Fighting/Fighting031_x264.mp4,30,44,92,112,,,,,,,,,,,,
Fighting/Fighting032_x264.mp4,16,23,33,43,,,,,,,,,,,,
Fighting/Fighting034_x264.mp4,92,165,,,,,,,,,,,,,,
Fighting/Fighting035_x264.mp4,3,19,,,,,,,,,,,,,,
Fighting/Fighting036_x264.mp4,0,45,,,,,,,,,,,,,,
Fighting/Fighting037_x264.mp4,90,94,,,,,,,,,,,,,,
Fighting/Fighting038_x264.mp4,9,25,,,,,,,,,,,,,,
Fighting/Fighting039_x264.mp4,26,48,119,148,,,,,,,,,,,,
Fighting/Fighting040_x264.mp4,22,61,,,,,,,,,,,,,,
Fighting/Fighting041_x264.mp4,617,641,,,,,,,,,,,,,,
Fighting/Fighting043_x264.mp4,16,59,70,90,,,,,,,,,,,,
Fighting/Fighting044_x264.mp4,11,37,59,61,76,81,111,205,,,,,,,,
Fighting/Fighting045_x264.mp4,27,80,122,170,,,,,,,,,,,,
Fighting/Fighting046_x264.mp4,14,45,,,,,,,,,,,,,,
Fighting/Fighting048_x264.mp4,12,35,71,104,,,,,,,,,,,,
Fighting/Fighting049_x264.mp4,4,32,,,,,,,,,,,,,,
Fighting/Fighting050_x264.mp4,393,590,,,,,,,,,,,,,,
Fighting/Fighting051_x264.mp4,39,110,148,206,,,,,,,,,,,,
Vandalism/Vandalism001_x264.mp4,21,46,,,,,,,,,,,,,,
Vandalism/Vandalism002_x264.mp4,1,60,,,,,,,,,,,,,,
Vandalism/Vandalism003_x264.mp4,14,20,,,,,,,,,,,,,,
Vandalism/Vandalism004_x264.mp4,5,55,67,85,,,,,,,,,,,,
Vandalism/Vandalism005_x264.mp4,20,33,,,,,,,,,,,,,,
Vandalism/Vandalism006_x264.mp4,3,25,,,,,,,,,,,,,,
Vandalism/Vandalism008_x264.mp4,102,118,,,,,,,,,,,,,,
Vandalism/Vandalism009_x264.mp4,16,30,,,,,,,,,,,,,,
Vandalism/Vandalism010_x264.mp4,71,81,,,,,,,,,,,,,,
Vandalism/Vandalism011_x264.mp4,31,95,,,,,,,,,,,,,,
Vandalism/Vandalism012_x264.mp4,6,21,,,,,,,,,,,,,,
Vandalism/Vandalism013_x264.mp4,54,78,,,,,,,,,,,,,,
Vandalism/Vandalism014_x264.mp4,2,8,,,,,,,,,,,,,,
Vandalism/Vandalism016_x264.mp4,175,192,,,,,,,,,,,,,,
Vandalism/Vandalism018_x264.mp4,70,106,,,,,,,,,,,,,,
Vandalism/Vandalism019_x264.mp4,26,39,,,,,,,,,,,,,,
Vandalism/Vandalism020_x264.mp4,16,30,,,,,,,,,,,,,,
Vandalism/Vandalism021_x264.mp4,0,44,,,,,,,,,,,,,,
Vandalism/Vandalism022_x264.mp4,5,44,54,115,,,,,,,,,,,,
Vandalism/Vandalism023_x264.mp4,169,194,,,,,,,,,,,,,,
Vandalism/Vandalism024_x264.mp4,20,30,,,,,,,,,,,,,,
Vandalism/Vandalism025_x264.mp4,29,51,,,,,,,,,,,,,,
Vandalism/Vandalism026_x264.mp4,13,24,,,,,,,,,,,,,,
Vandalism/Vandalism027_x264.mp4,7,17,,,,,,,,,,,,,,
Vandalism/Vandalism029_x264.mp4,0,11,,,,,,,,,,,,,,
Vandalism/Vandalism030_x264.mp4,1,44,,,,,,,,,,,,,,
Vandalism/Vandalism031_x264.mp4,9,36,,,,,,,,,,,,,,
Vandalism/Vandalism032_x264.mp4,6,10,,,,,,,,,,,,,,
Vandalism/Vandalism033_x264.mp4,4,6,12,73,,,,,,,,,,,,
Vandalism/Vandalism034_x264.mp4,38,57,,,,,,,,,,,,,,
Vandalism/Vandalism035_x264.mp4,7,19,,,,,,,,,,,,,,
Vandalism/Vandalism037_x264.mp4,11,40,,,,,,,,,,,,,,
Vandalism/Vandalism038_x264.mp4,12,69,,,,,,,,,,,,,,
Vandalism/Vandalism039_x264.mp4,16,20,,,,,,,,,,,,,,
Vandalism/Vandalism040_x264.mp4,1,11,,,,,,,,,,,,,,
Vandalism/Vandalism041_x264.mp4,7,55,,,,,,,,,,,,,,
Vandalism/Vandalism042_x264.mp4,35,110,,,,,,,,,,,,,,
Vandalism/Vandalism043_x264.mp4,1,47,58,74,95,107,,,,,,,,,,
Vandalism/Vandalism044_x264.mp4,5,152,,,,,,,,,,,,,,
Vandalism/Vandalism045_x264.mp4,28,130,,,,,,,,,,,,,,
Vandalism/Vandalism046_x264.mp4,24,37,,,,,,,,,,,,,,
Vandalism/Vandalism047_x264.mp4,3,5,35,37,52,56,71,80,,,,,,,,
Vandalism/Vandalism048_x264.mp4,100,177,,,,,,,,,,,,,,
Vandalism/Vandalism049_x264.mp4,8,24,50,82,120,137,162,200,,,,,,,,
Vandalism/Vandalism050_x264.mp4,5,29,,,,,,,,,,,,,,
Shooting/Shooting001_x264.mp4,2,7,,,,,,,,,,,,,,
Shooting/Shooting003_x264.mp4,19,40,,,,,,,,,,,,,,
Shooting/Shooting005_x264.mp4,28,47,,,,,,,,,,,,,,
Shooting/Shooting006_x264.mp4,286,303,,,,,,,,,,,,,,
Shooting/Shooting009_x264.mp4,36,39,58,60,108,117,,,,,,,,,,
Shooting/Shooting012_x264.mp4,45,50,,,,,,,,,,,,,,
Shooting/Shooting014_x264.mp4,181,195,,,,,,,,,,,,,,
Shooting/Shooting017_x264.mp4,20,24,,,,,,,,,,,,,,
Shooting/Shooting020_x264.mp4,14,16,19,26,50,65,70,78,98,102,124,133,,,,
Shooting/Shooting023_x264.mp4,6,12,,,,,,,,,,,,,,
Shooting/Shooting025_x264.mp4,21,68,,,,,,,,,,,,,,
Shooting/Shooting027_x264.mp4,1,22,,,,,,,,,,,,,,
Shooting/Shooting029_x264.mp4,13,20,23,30,34,40,,,,,,,,,,
RoadAccidents/RoadAccidents003_x264.mp4,7,11,,,,,,,,,,,,,,
RoadAccidents/RoadAccidents005_x264.mp4,2,3,,,,,,,,,,,,,,
RoadAccidents/RoadAccidents006_x264.mp4,2,5,,,,,,,,,,,,,,
RoadAccidents/RoadAccidents007_x264.mp4,9,10,,,,,,,,,,,,,,
RoadAccidents/RoadAccidents008_x264.mp4,6,11,,,,,,,,,,,,,,
RoadAccidents/RoadAccidents013_x264.mp4,11,17,,,,,,,,,,,,,,
RoadAccidents/RoadAccidents014_x264.mp4,7,312,,,,,,,,,,,,,,
RoadAccidents/RoadAccidents015_x264.mp4,20,23,,,,,,,,,,,,,,
RoadAccidents/RoadAccidents018_x264.mp4,10,15,,,,,,,,,,,,,,
RoadAccidents/RoadAccidents023_x264.mp4,37,39,,,,,,,,,,,,,,
RoadAccidents/RoadAccidents024_x264.mp4,6,9,,,,,,,,,,,,,,
RoadAccidents/RoadAccidents025_x264.mp4,12,17,,,,,,,,,,,,,,
RoadAccidents/RoadAccidents026_x264.mp4,1,3,,,,,,,,,,,,,,
RoadAccidents/RoadAccidents027_x264.mp4,1,3,,,,,,,,,,,,,,
RoadAccidents/RoadAccidents028_x264.mp4,5,12,,,,,,,,,,,,,,
RoadAccidents/RoadAccidents029_x264.mp4,1,3,,,,,,,,,,,,,,
RoadAccidents/RoadAccidents030_x264.mp4,34,38,,,,,,,,,,,,,,
RoadAccidents/RoadAccidents031_x264.mp4,0,5,,,,,,,,,,,,,,
RoadAccidents/RoadAccidents032_x264.mp4,9,12,13,23,,,,,,,,,,,,
RoadAccidents/RoadAccidents033_x264.mp4,6,12,,,,,,,,,,,,,,
RoadAccidents/RoadAccidents034_x264.mp4,6,10,,,,,,,,,,,,,,
RoadAccidents/RoadAccidents035_x264.mp4,0,4,,,,,,,,,,,,,,
RoadAccidents/RoadAccidents036_x264.mp4,3,5,8,19,,,,,,,,,,,,
RoadAccidents/RoadAccidents037_x264.mp4,24,27,,,,,,,,,,,,,,
RoadAccidents/RoadAccidents038_x264.mp4,2,5,,,,,,,,,,,,,,
RoadAccidents/RoadAccidents039_x264.mp4,0,7,,,,,,,,,,,,,,
RoadAccidents/RoadAccidents040_x264.mp4,13,21,,,,,,,,,,,,,,
RoadAccidents/RoadAccidents041_x264.mp4,0,3,,,,,,,,,,,,,,
RoadAccidents/RoadAccidents042_x264.mp4,5,22,,,,,,,,,,,,,,
RoadAccidents/RoadAccidents043_x264.mp4,0,4,,,,,,,,,,,,,,
RoadAccidents/RoadAccidents044_x264.mp4,1,5,,,,,,,,,,,,,,
RoadAccidents/RoadAccidents046_x264.mp4,6,10,,,,,,,,,,,,,,
RoadAccidents/RoadAccidents047_x264.mp4,4,8,,,,,,,,,,,,,,
RoadAccidents/RoadAccidents048_x264.mp4,8,11,,,,,,,,,,,,,,
RoadAccidents/RoadAccidents049_x264.mp4,10,14,,,,,,,,,,,,,,
RoadAccidents/RoadAccidents050_x264.mp4,7,11,,,,,,,,,,,,,,
RoadAccidents/RoadAccidents051_x264.mp4,6,12,,,,,,,,,,,,,,
RoadAccidents/RoadAccidents052_x264.mp4,2,6,,,,,,,,,,,,,,
RoadAccidents/RoadAccidents053_x264.mp4,19,22,,,,,,,,,,,,,,
RoadAccidents/RoadAccidents054_x264.mp4,13,19,,,,,,,,,,,,,,
RoadAccidents/RoadAccidents055_x264.mp4,10,14,,,,,,,,,,,,,,
RoadAccidents/RoadAccidents056_x264.mp4,7,11,,,,,,,,,,,,,,
RoadAccidents/RoadAccidents057_x264.mp4,16,19,,,,,,,,,,,,,,
RoadAccidents/RoadAccidents058_x264.mp4,7,10,11,14,,,,,,,,,,,,
RoadAccidents/RoadAccidents059_x264.mp4,3,7,,,,,,,,,,,,,,
RoadAccidents/RoadAccidents060_x264.mp4,4,9,,,,,,,,,,,,,,
RoadAccidents/RoadAccidents061_x264.mp4,8,14,,,,,,,,,,,,,,
RoadAccidents/RoadAccidents062_x264.mp4,0,4,103,106,,,,,,,,,,,,
RoadAccidents/RoadAccidents063_x264.mp4,37,40,,,,,,,,,,,,,,
RoadAccidents/RoadAccidents064_x264.mp4,14,20,,,,,,,,,,,,,,
RoadAccidents/RoadAccidents065_x264.mp4,1,3,,,,,,,,,,,,,,
RoadAccidents/RoadAccidents066_x264.mp4,5,8,,,,,,,,,,,,,,
RoadAccidents/RoadAccidents067_x264.mp4,16,20,,,,,,,,,,,,,,
RoadAccidents/RoadAccidents068_x264.mp4,19,23,,,,,,,,,,,,,,
RoadAccidents/RoadAccidents069_x264.mp4,2,7,,,,,,,,,,,,,,
RoadAccidents/RoadAccidents070_x264.mp4,8,12,,,,,,,,,,,,,,
RoadAccidents/RoadAccidents071_x264.mp4,11,15,,,,,,,,,,,,,,
RoadAccidents/RoadAccidents072_x264.mp4,18,22,,,,,,,,,,,,,,
RoadAccidents/RoadAccidents073_x264.mp4,14,16,,,,,,,,,,,,,,
RoadAccidents/RoadAccidents074_x264.mp4,13,14,14,15,39,41,,,,,,,,,,
RoadAccidents/RoadAccidents075_x264.mp4,2,8,,,,,,,,,,,,,,
RoadAccidents/RoadAccidents076_x264.mp4,41,47,,,,,,,,,,,,,,
RoadAccidents/RoadAccidents077_x264.mp4,3,5,21,23,,,,,,,,,,,,
RoadAccidents/RoadAccidents078_x264.mp4,48,51,,,,,,,,,,,,,,
RoadAccidents/RoadAccidents079_x264.mp4,4,6,,,,,,,,,,,,,,
RoadAccidents/RoadAccidents080_x264.mp4,5,8,13,16,,,,,,,,,,,,
RoadAccidents/RoadAccidents081_x264.mp4,15,18,25,28,,,,,,,,,,,,
RoadAccidents/RoadAccidents082_x264.mp4,19,24,,,,,,,,,,,,,,
RoadAccidents/RoadAccidents083_x264.mp4,9,10,,,,,,,,,,,,,,
RoadAccidents/RoadAccidents084_x264.mp4,12,15,,,,,,,,,,,,,,
RoadAccidents/RoadAccidents085_x264.mp4,12,17,,,,,,,,,,,,,,
RoadAccidents/RoadAccidents086_x264.mp4,5,9,,,,,,,,,,,,,,
RoadAccidents/RoadAccidents087_x264.mp4,39,43,,,,,,,,,,,,,,
RoadAccidents/RoadAccidents088_x264.mp4,5,10,24,34,,,,,,,,,,,,
RoadAccidents/RoadAccidents089_x264.mp4,13,21,,,,,,,,,,,,,,
RoadAccidents/RoadAccidents090_x264.mp4,6,10,,,,,,,,,,,,,,
RoadAccidents/RoadAccidents091_x264.mp4,14,18,,,,,,,,,,,,,,
RoadAccidents/RoadAccidents092_x264.mp4,3,5,,,,,,,,,,,,,,
RoadAccidents/RoadAccidents093_x264.mp4,7,9,,,,,,,,,,,,,,
RoadAccidents/RoadAccidents094_x264.mp4,4,7,,,,,,,,,,,,,,
RoadAccidents/RoadAccidents095_x264.mp4,9,11,,,,,,,,,,,,,,
RoadAccidents/RoadAccidents096_x264.mp4,4,6,,,,,,,,,,,,,,
RoadAccidents/RoadAccidents097_x264.mp4,17,23,,,,,,,,,,,,,,
RoadAccidents/RoadAccidents098_x264.mp4,24,30,,,,,,,,,,,,,,
RoadAccidents/RoadAccidents099_x264.mp4,14,19,,,,,,,,,,,,,,
RoadAccidents/RoadAccidents100_x264.mp4,5,8,,,,,,,,,,,,,,
RoadAccidents/RoadAccidents101_x264.mp4,5,7,,,,,,,,,,,,,,
RoadAccidents/RoadAccidents102_x264.mp4,2,4,,,,,,,,,,,,,,
RoadAccidents/RoadAccidents103_x264.mp4,2,4,14,16,,,,,,,,,,,,
RoadAccidents/RoadAccidents104_x264.mp4,1,8,,,,,,,,,,,,,,
RoadAccidents/RoadAccidents105_x264.mp4,6,9,,,,,,,,,,,,,,
RoadAccidents/RoadAccidents106_x264.mp4,10,14,,,,,,,,,,,,,,
RoadAccidents/RoadAccidents107_x264.mp4,6,11,14,22,,,,,,,,,,,,
RoadAccidents/RoadAccidents108_x264.mp4,29,34,,,,,,,,,,,,,,
RoadAccidents/RoadAccidents109_x264.mp4,0,3,,,,,,,,,,,,,,
RoadAccidents/RoadAccidents110_x264.mp4,2,8,,,,,,,,,,,,,,
RoadAccidents/RoadAccidents111_x264.mp4,15,18,,,,,,,,,,,,,,
RoadAccidents/RoadAccidents112_x264.mp4,8,11,,,,,,,,,,,,,,
RoadAccidents/RoadAccidents113_x264.mp4,16,19,,,,,,,,,,,,,,
RoadAccidents/RoadAccidents114_x264.mp4,15,18,,,,,,,,,,,,,,
RoadAccidents/RoadAccidents115_x264.mp4,4,8,,,,,,,,,,,,,,
RoadAccidents/RoadAccidents116_x264.mp4,9,13,,,,,,,,,,,,,,
RoadAccidents/RoadAccidents117_x264.mp4,8,13,,,,,,,,,,,,,,
RoadAccidents/RoadAccidents118_x264.mp4,4,9,,,,,,,,,,,,,,
RoadAccidents/RoadAccidents119_x264.mp4,12,17,,,,,,,,,,,,,,
RoadAccidents/RoadAccidents120_x264.mp4,5,8,,,,,,,,,,,,,,
RoadAccidents/RoadAccidents126_x264.mp4,4,31,,,,,,,,,,,,,,
RoadAccidents/RoadAccidents129_x264.mp4,2,6,,,,,,,,,,,,,,
RoadAccidents/RoadAccidents130_x264.mp4,2,5,,,,,,,,,,,,,,
RoadAccidents/RoadAccidents134_x264.mp4,1,4,,,,,,,,,,,,,,
RoadAccidents/RoadAccidents135_x264.mp4,12,22,,,,,,,,,,,,,,
RoadAccidents/RoadAccidents136_x264.mp4,2,6,,,,,,,,,,,,,,
RoadAccidents/RoadAccidents137_x264.mp4,12,16,,,,,,,,,,,,,,
RoadAccidents/RoadAccidents138_x264.mp4,10,13,,,,,,,,,,,,,,
RoadAccidents/RoadAccidents139_x264.mp4,49,55,,,,,,,,,,,,,,
RoadAccidents/RoadAccidents140_x264.mp4,14,17,,,,,,,,,,,,,,
RoadAccidents/RoadAccidents141_x264.mp4,3,7,14,24,,,,,,,,,,,,
RoadAccidents/RoadAccidents142_x264.mp4,97,101,,,,,,,,,,,,,,
RoadAccidents/RoadAccidents143_x264.mp4,8,10,,,,,,,,,,,,,,
RoadAccidents/RoadAccidents144_x264.mp4,3,10,,,,,,,,,,,,,,
RoadAccidents/RoadAccidents145_x264.mp4,13,18,,,,,,,,,,,,,,
RoadAccidents/RoadAccidents146_x264.mp4,12,16,,,,,,,,,,,,,,
RoadAccidents/RoadAccidents147_x264.mp4,81,84,,,,,,,,,,,,,,
RoadAccidents/RoadAccidents148_x264.mp4,0,0,,,,,,,,,,,,,,
RoadAccidents/RoadAccidents149_x264.mp4,3,6,,,,,,,,,,,,,,
RoadAccidents/RoadAccidents150_x264.mp4,23,28,,,,,,,,,,,,,,
RoadAccidents/RoadAccidents151_x264.mp4,1,11,15,24,,,,,,,,,,,,
Stealing/Stealing002_x264.mp4,29,71,,,,,,,,,,,,,,
Stealing/Stealing003_x264.mp4,2,89,,,,,,,,,,,,,,
Stealing/Stealing004_x264.mp4,107,218,,,,,,,,,,,,,,
Stealing/Stealing006_x264.mp4,78,103,,,,,,,,,,,,,,
Stealing/Stealing007_x264.mp4,68,88,,,,,,,,,,,,,,
Stealing/Stealing008_x264.mp4,91,164,,,,,,,,,,,,,,
Stealing/Stealing009_x264.mp4,7,50,,,,,,,,,,,,,,
Stealing/Stealing010_x264.mp4,57,96,,,,,,,,,,,,,,
Stealing/Stealing011_x264.mp4,49,116,,,,,,,,,,,,,,
Stealing/Stealing012_x264.mp4,67,80,,,,,,,,,,,,,,
Stealing/Stealing013_x264.mp4,187,240,,,,,,,,,,,,,,
Stealing/Stealing014_x264.mp4,3,110,,,,,,,,,,,,,,
Stealing/Stealing015_x264.mp4,12,58,,,,,,,,,,,,,,
Stealing/Stealing016_x264.mp4,40,72,,,,,,,,,,,,,,
Stealing/Stealing017_x264.mp4,10,61,,,,,,,,,,,,,,
Stealing/Stealing018_x264.mp4,2,58,,,,,,,,,,,,,,
Stealing/Stealing020_x264.mp4,50,191,,,,,,,,,,,,,,
Stealing/Stealing021_x264.mp4,0,130,,,,,,,,,,,,,,
Stealing/Stealing022_x264.mp4,21,80,,,,,,,,,,,,,,
Stealing/Stealing023_x264.mp4,69,161,,,,,,,,,,,,,,
Stealing/Stealing024_x264.mp4,0,73,,,,,,,,,,,,,,
Stealing/Stealing025_x264.mp4,623,689,,,,,,,,,,,,,,
Stealing/Stealing026_x264.mp4,36,77,,,,,,,,,,,,,,
Stealing/Stealing027_x264.mp4,4,58,,,,,,,,,,,,,,
Stealing/Stealing028_x264.mp4,37,47,,,,,,,,,,,,,,
Stealing/Stealing029_x264.mp4,4,10,,,,,,,,,,,,,,
Stealing/Stealing030_x264.mp4,8,24,,,,,,,,,,,,,,
Stealing/Stealing031_x264.mp4,19,35,,,,,,,,,,,,,,
Stealing/Stealing032_x264.mp4,70,130,,,,,,,,,,,,,,
Stealing/Stealing035_x264.mp4,33,198,,,,,,,,,,,,,,
Stealing/Stealing037_x264.mp4,23,133,,,,,,,,,,,,,,
Stealing/Stealing042_x264.mp4,1,139,,,,,,,,,,,,,,
Stealing/Stealing043_x264.mp4,2,131,,,,,,,,,,,,,,
Stealing/Stealing044_x264.mp4,3,42,52,96,,,,,,,,,,,,
Stealing/Stealing045_x264.mp4,82,318,,,,,,,,,,,,,,
Stealing/Stealing046_x264.mp4,0,235,,,,,,,,,,,,,,
Stealing/Stealing047_x264.mp4,18,29,,,,,,,,,,,,,,
Stealing/Stealing048_x264.mp4,29,250,,,,,,,,,,,,,,
Stealing/Stealing049_x264.mp4,11,48,,,,,,,,,,,,,,
Stealing/Stealing050_x264.mp4,17,90,,,,,,,,,,,,,,
Stealing/Stealing051_x264.mp4,25,78,,,,,,,,,,,,,,
Stealing/Stealing052_x264.mp4,4,104,,,,,,,,,,,,,,
Stealing/Stealing053_x264.mp4,2,0,,,,,,,,,,,,,,
Stealing/Stealing054_x264.mp4,53,64,,,,,,,,,,,,,,
Stealing/Stealing055_x264.mp4,14,53,,,,,,,,,,,,,,
Stealing/Stealing057_x264.mp4,27,46,,,,,,,,,,,,,,
Stealing/Stealing059_x264.mp4,40,58,,,,,,,,,,,,,,
Stealing/Stealing060_x264.mp4,0,34,,,,,,,,,,,,,,
Stealing/Stealing061_x264.mp4,15,69,,,,,,,,,,,,,,
Stealing/Stealing063_x264.mp4,45,137,,,,,,,,,,,,,,
Stealing/Stealing065_x264.mp4,22,175,,,,,,,,,,,,,,
Stealing/Stealing066_x264.mp4,5,17,27,39,,,,,,,,,,,,
Stealing/Stealing067_x264.mp4,33,43,,,,,,,,,,,,,,
Stealing/Stealing068_x264.mp4,45,88,126,158,174,211,,,,,,,,,,
Stealing/Stealing069_x264.mp4,11,21,,,,,,,,,,,,,,
Stealing/Stealing070_x264.mp4,0,34,,,,,,,,,,,,,,
Stealing/Stealing071_x264.mp4,3,31,,,,,,,,,,,,,,
Stealing/Stealing072_x264.mp4,0,112,199,350,,,,,,,,,,,,
Stealing/Stealing073_x264.mp4,15,28,,,,,,,,,,,,,,
Stealing/Stealing074_x264.mp4,14,52,,,,,,,,,,,,,,
Stealing/Stealing075_x264.mp4,0,147,,,,,,,,,,,,,,
Stealing/Stealing077_x264.mp4,7,11,,,,,,,,,,,,,,
Stealing/Stealing078_x264.mp4,18,70,,,,,,,,,,,,,,
Stealing/Stealing080_x264.mp4,5,30,,,,,,,,,,,,,,
Stealing/Stealing081_x264.mp4,17,22,34,40,,,,,,,,,,,,
Stealing/Stealing082_x264.mp4,22,49,,,,,,,,,,,,,,
Stealing/Stealing083_x264.mp4,76,130,,,,,,,,,,,,,,
Stealing/Stealing084_x264.mp4,27,60,140,501,,,,,,,,,,,,
Stealing/Stealing086_x264.mp4,406,415,,,,,,,,,,,,,,
Stealing/Stealing087_x264.mp4,1,160,,,,,,,,,,,,,,
Stealing/Stealing088_x264.mp4,94,105,,,,,,,,,,,,,,
Stealing/Stealing089_x264.mp4,5,403,,,,,,,,,,,,,,
Stealing/Stealing091_x264.mp4,6,14,,,,,,,,,,,,,,
Stealing/Stealing092_x264.mp4,67,117,236,,,,,,,,,,,,,
Stealing/Stealing094_x264.mp4,16,95,104,113,,,,,,,,,,,,
Stealing/Stealing095_x264.mp4,12,20,,,,,,,,,,,,,,
Stealing/Stealing096_x264.mp4,51,127,152,179,,,,,,,,,,,,
Stealing/Stealing097_x264.mp4,5,18,,,,,,,,,,,,,,
Stealing/Stealing098_x264.mp4,45,53,82,102,,,,,,,,,,,,
Stealing/Stealing100_x264.mp4,100,301,,,,,,,,,,,,,,
Stealing/Stealing101_x264.mp4,42,69,,,,,,,,,,,,,,
Stealing/Stealing102_x264.mp4,10,32,,,,,,,,,,,,,,
Stealing/Stealing103_x264.mp4,8,174,,,,,,,,,,,,,,
Stealing/Stealing104_x264.mp4,10,100,,,,,,,,,,,,,,
Stealing/Stealing105_x264.mp4,2,23,,,,,,,,,,,,,,
Stealing/Stealing106_x264.mp4,0,40,,,,,,,,,,,,,,
Stealing/Stealing107_x264.mp4,7,143,,,,,,,,,,,,,,
Stealing/Stealing108_x264.mp4,11,19,23,123,,,,,,,,,,,,
Stealing/Stealing109_x264.mp4,107,136,146,287,,,,,,,,,,,,
Stealing/Stealing110_x264.mp4,15,50,,,,,,,,,,,,,,
Stealing/Stealing111_x264.mp4,0,154,,,,,,,,,,,,,,
Stealing/Stealing112_x264.mp4,7,17,24,64,,,,,,,,,,,,
Stealing/Stealing113_x264.mp4,21,46,,,,,,,,,,,,,,
Stealing/Stealing114_x264.mp4,2,16,,,,,,,,,,,,,,
Shoplifting/Shoplifting002_x264.mp4,,,,,,,,,,,,,,,,
Shoplifting/Shoplifting003_x264.mp4,237,252,,,,,,,,,,,,,,
Shoplifting/Shoplifting006_x264.mp4,52,58,76,82,86,100,,,,,,,,,,
Shoplifting/Shoplifting008_x264.mp4,167,180,,,,,,,,,,,,,,
Shoplifting/Shoplifting009_x264.mp4,153,170,,,,,,,,,,,,,,
Shoplifting/Shoplifting011_x264.mp4,,,,,,,,,,,,,,,,
Shoplifting/Shoplifting012_x264.mp4,350,380,,,,,,,,,,,,,,
Shoplifting/Shoplifting013_x264.mp4,2,64,,,,,,,,,,,,,,
Shoplifting/Shoplifting014_x264.mp4,703,750,1100,1140,1650,1740,1800,1830,,,,,,,,
Shoplifting/Shoplifting018_x264.mp4,10,27,37,55,,,,,,,,,,,,
Shoplifting/Shoplifting019_x264.mp4,7,13,,,,,,,,,,,,,,
Shoplifting/Shoplifting023_x264.mp4,,,,,,,,,,,,,,,,
Shoplifting/Shoplifting024_x264.mp4,26,34,,,,,,,,,,,,,,
Shoplifting/Shoplifting025_x264.mp4,14,59,,,,,,,,,,,,,,
Shoplifting/Shoplifting026_x264.mp4,7,45,,,,,,,,,,,,,,
Shoplifting/Shoplifting030_x264.mp4,100,305,,,,,,,,,,,,,,
Shoplifting/Shoplifting032_x264.mp4,22,39,,,,,,,,,,,,,,
Shoplifting/Shoplifting035_x264.mp4,,,,,,,,,,,,,,,,
Shoplifting/Shoplifting036_x264.mp4,68,119,,,,,,,,,,,,,,
Shoplifting/Shoplifting038_x264.mp4,75,85,,,,,,,,,,,,,,
Shoplifting/Shoplifting040_x264.mp4,144,163,281,297,339,352,432,460,,,,,,,,
Shoplifting/Shoplifting041_x264.mp4,88,100,221,242,,,,,,,,,,,,
Shoplifting/Shoplifting042_x264.mp4,55,40,,,,,,,,,,,,,,
Shoplifting/Shoplifting043_x264.mp4,235,270,,,,,,,,,,,,,,
Shoplifting/Shoplifting045_x264.mp4,26,50,,,,,,,,,,,,,,
Shoplifting/Shoplifting046_x264.mp4,,,,,,,,,,,,,,,,
Shoplifting/Shoplifting047_x264.mp4,25,36,40,43,46,78,,,,,,,,,,
Shoplifting/Shoplifting048_x264.mp4,0,15,22,43,,,,,,,,,,,,
Shoplifting/Shoplifting050_x264.mp4,1,66,,,,,,,,,,,,,,
Shoplifting/Shoplifting051_x264.mp4,152,176,,,,,,,,,,,,,,
Shoplifting/Shoplifting052_x264.mp4,50,65,86,100,,,,,,,,,,,,
Shoplifting/Shoplifting053_x264.mp4,41,57,,,,,,,,,,,,,,
Shoplifting/Shoplifting054_x264.mp4,17,31,,,,,,,,,,,,,,
Shoplifting/Shoplifting055_x264.mp4,64,105,,,,,,,,,,,,,,
Robbery/Robbery001_x264.mp4,15,26,,,,,,,,,,,,,,
Robbery/Robbery002_x264.mp4,6,51,,,,,,,,,,,,,,
Robbery/Robbery003_x264.mp4,8,29,,,,,,,,,,,,,,
Robbery/Robbery004_x264.mp4,12,37,,,,,,,,,,,,,,
Robbery/Robbery005_x264.mp4,8,27,,,,,,,,,,,,,,
Robbery/Robbery006_x264.mp4,12,91,,,,,,,,,,,,,,
Robbery/Robbery007_x264.mp4,11,62,,,,,,,,,,,,,,
Robbery/Robbery008_x264.mp4,15,74,,,,,,,,,,,,,,
Robbery/Robbery009_x264.mp4,33,96,,,,,,,,,,,,,,
Robbery/Robbery010_x264.mp4,32,80,,,,,,,,,,,,,,
Robbery/Robbery011_x264.mp4,11,51,,,,,,,,,,,,,,
Robbery/Robbery012_x264.mp4,11,21,,,,,,,,,,,,,,
Robbery/Robbery013_x264.mp4,2,117,,,,,,,,,,,,,,
Robbery/Robbery014_x264.mp4,127,230,,,,,,,,,,,,,,
Robbery/Robbery015_x264.mp4,1,84,,,,,,,,,,,,,,
Robbery/Robbery016_x264.mp4,22,42,,,,,,,,,,,,,,
Robbery/Robbery017_x264.mp4,42,119,,,,,,,,,,,,,,
Robbery/Robbery018_x264.mp4,7,94,,,,,,,,,,,,,,
Robbery/Robbery019_x264.mp4,8,191,,,,,,,,,,,,,,
Robbery/Robbery020_x264.mp4,36,85,,,,,,,,,,,,,,
Robbery/Robbery021_x264.mp4,4,240,,,,,,,,,,,,,,
Robbery/Robbery022_x264.mp4,9,111,,,,,,,,,,,,,,
Robbery/Robbery023_x264.mp4,2,29,,,,,,,,,,,,,,
Robbery/Robbery024_x264.mp4,1,78,,,,,,,,,,,,,,
Robbery/Robbery025_x264.mp4,3,26,,,,,,,,,,,,,,
Robbery/Robbery026_x264.mp4,135,198,,,,,,,,,,,,,,
Robbery/Robbery027_x264.mp4,20,173,,,,,,,,,,,,,,
Robbery/Robbery028_x264.mp4,3,46,,,,,,,,,,,,,,
Robbery/Robbery029_x264.mp4,28,58,,,,,,,,,,,,,,
Robbery/Robbery030_x264.mp4,10,88,,,,,,,,,,,,,,
Robbery/Robbery031_x264.mp4,10,30,,,,,,,,,,,,,,
Robbery/Robbery032_x264.mp4,33,47,,,,,,,,,,,,,,
Robbery/Robbery033_x264.mp4,1,30,,,,,,,,,,,,,,
Robbery/Robbery034_x264.mp4,5,180,,,,,,,,,,,,,,
Robbery/Robbery035_x264.mp4,100,147,,,,,,,,,,,,,,
Robbery/Robbery036_x264.mp4,16,33,,,,,,,,,,,,,,
Robbery/Robbery037_x264.mp4,181,213,,,,,,,,,,,,,,
Robbery/Robbery038_x264.mp4,11,52,,,,,,,,,,,,,,
Robbery/Robbery039_x264.mp4,0,16,,,,,,,,,,,,,,
Robbery/Robbery040_x264.mp4,15,31,,,,,,,,,,,,,,
Robbery/Robbery041_x264.mp4,0,44,,,,,,,,,,,,,,
Robbery/Robbery042_x264.mp4,34,71,,,,,,,,,,,,,,
Robbery/Robbery043_x264.mp4,0,33,,,,,,,,,,,,,,
Robbery/Robbery044_x264.mp4,0,14,,,,,,,,,,,,,,
Robbery/Robbery045_x264.mp4,30,72,,,,,,,,,,,,,,
Robbery/Robbery046_x264.mp4,2,15,,,,,,,,,,,,,,
Robbery/Robbery047_x264.mp4,0,44,,,,,,,,,,,,,,
Robbery/Robbery049_x264.mp4,17,66,,,,,,,,,,,,,,
Robbery/Robbery051_x264.mp4,6,51,,,,,,,,,,,,,,
Robbery/Robbery052_x264.mp4,58,119,,,,,,,,,,,,,,
Robbery/Robbery053_x264.mp4,19,32,,,,,,,,,,,,,,
Robbery/Robbery054_x264.mp4,9,64,,,,,,,,,,,,,,
Robbery/Robbery055_x264.mp4,,,,,,,,,,,,,,,,
Robbery/Robbery056_x264.mp4,1,89,,,,,,,,,,,,,,
Robbery/Robbery057_x264.mp4,0,69,,,,,,,,,,,,,,
Robbery/Robbery058_x264.mp4,4,53,,,,,,,,,,,,,,
Robbery/Robbery059_x264.mp4,7,218,,,,,,,,,,,,,,
Robbery/Robbery060_x264.mp4,0,69,,,,,,,,,,,,,,
Robbery/Robbery061_x264.mp4,14,83,,,,,,,,,,,,,,
Robbery/Robbery062_x264.mp4,2,60,,,,,,,,,,,,,,
Robbery/Robbery063_x264.mp4,15,44,,,,,,,,,,,,,,
Robbery/Robbery064_x264.mp4,18,46,,,,,,,,,,,,,,
Robbery/Robbery065_x264.mp4,0,79,,,,,,,,,,,,,,
Robbery/Robbery066_x264.mp4,7,155,,,,,,,,,,,,,,
Robbery/Robbery067_x264.mp4,24,82,,,,,,,,,,,,,,
Robbery/Robbery068_x264.mp4,0,12,,,,,,,,,,,,,,
Robbery/Robbery069_x264.mp4,3,21,,,,,,,,,,,,,,
Robbery/Robbery070_x264.mp4,0,14,,,,,,,,,,,,,,
Robbery/Robbery071_x264.mp4,9,44,,,,,,,,,,,,,,
Robbery/Robbery072_x264.mp4,7,34,,,,,,,,,,,,,,
Robbery/Robbery073_x264.mp4,120,242,,,,,,,,,,,,,,
Robbery/Robbery074_x264.mp4,0,14,,,,,,,,,,,,,,
Robbery/Robbery075_x264.mp4,4,87,,,,,,,,,,,,,,
Robbery/Robbery076_x264.mp4,16,19,,,,,,,,,,,,,,
Robbery/Robbery077_x264.mp4,0,27,,,,,,,,,,,,,,
Robbery/Robbery078_x264.mp4,8,67,,,,,,,,,,,,,,
Robbery/Robbery079_x264.mp4,6,23,,,,,,,,,,,,,,
Robbery/Robbery080_x264.mp4,9,53,,,,,,,,,,,,,,
Robbery/Robbery081_x264.mp4,0,120,,,,,,,,,,,,,,
Robbery/Robbery082_x264.mp4,0,51,,,,,,,,,,,,,,
Robbery/Robbery083_x264.mp4,0,31,,,,,,,,,,,,,,
Robbery/Robbery084_x264.mp4,3,44,,,,,,,,,,,,,,
Robbery/Robbery085_x264.mp4,0,61,,,,,,,,,,,,,,
Robbery/Robbery086_x264.mp4,19,239,,,,,,,,,,,,,,
Robbery/Robbery087_x264.mp4,0,32,,,,,,,,,,,,,,
Robbery/Robbery088_x264.mp4,1,141,,,,,,,,,,,,,,
Robbery/Robbery089_x264.mp4,1,8,,,,,,,,,,,,,,
Robbery/Robbery090_x264.mp4,23,75,,,,,,,,,,,,,,
Robbery/Robbery091_x264.mp4,5,62,,,,,,,,,,,,,,
Robbery/Robbery092_x264.mp4,7,15,,,,,,,,,,,,,,
Robbery/Robbery093_x264.mp4,10,14,22,27,,,,,,,,,,,,
Robbery/Robbery094_x264.mp4,1,12,19,32,,,,,,,,,,,,
Robbery/Robbery095_x264.mp4,13,41,,,,,,,,,,,,,,
Robbery/Robbery096_x264.mp4,,,,,,,,,,,,,,,,
Robbery/Robbery097_x264.mp4,44,83,,,,,,,,,,,,,,
Robbery/Robbery098_x264.mp4,52,264,,,,,,,,,,,,,,
Robbery/Robbery099_x264.mp4,3,53,,,,,,,,,,,,,,
Robbery/Robbery100_x264.mp4,24,148,,,,,,,,,,,,,,
Robbery/Robbery101_x264.mp4,9,75,,,,,,,,,,,,,,
Robbery/Robbery102_x264.mp4,35,55,,,,,,,,,,,,,,
Robbery/Robbery103_x264.mp4,20,62,,,,,,,,,,,,,,
Robbery/Robbery104_x264.mp4,10,42,,,,,,,,,,,,,,
Robbery/Robbery105_x264.mp4,13,41,,,,,,,,,,,,,,
Robbery/Robbery107_x264.mp4,24,33,,,,,,,,,,,,,,
Robbery/Robbery108_x264.mp4,9,44,,,,,,,,,,,,,,
Robbery/Robbery109_x264.mp4,0,80,,,,,,,,,,,,,,
Robbery/Robbery110_x264.mp4,60,68,,,,,,,,,,,,,,
Robbery/Robbery111_x264.mp4,30,187,,,,,,,,,,,,,,
Robbery/Robbery112_x264.mp4,16,38,,,,,,,,,,,,,,
Robbery/Robbery113_x264.mp4,0,17,,,,,,,,,,,,,,
Robbery/Robbery114_x264.mp4,17,64,,,,,,,,,,,,,,
Robbery/Robbery115_x264.mp4,1,56,,,,,,,,,,,,,,
Robbery/Robbery116_x264.mp4,6,14,,,,,,,,,,,,,,
Robbery/Robbery117_x264.mp4,9,107,,,,,,,,,,,,,,
Robbery/Robbery118_x264.mp4,2,36,,,,,,,,,,,,,,
Robbery/Robbery119_x264.mp4,3,52,,,,,,,,,,,,,,
Robbery/Robbery120_x264.mp4,2,25,,,,,,,,,,,,,,
Robbery/Robbery121_x264.mp4,30,44,,,,,,,,,,,,,,
Robbery/Robbery122_x264.mp4,7,32,,,,,,,,,,,,,,
Robbery/Robbery123_x264.mp4,5,25,,,,,,,,,,,,,,
Robbery/Robbery124_x264.mp4,37,312,,,,,,,,,,,,,,
Robbery/Robbery125_x264.mp4,145,162,,,,,,,,,,,,,,
Robbery/Robbery126_x264.mp4,1,29,,,,,,,,,,,,,,
Robbery/Robbery127_x264.mp4,12,37,,,,,,,,,,,,,,
Robbery/Robbery128_x264.mp4,11,214,,,,,,,,,,,,,,
Robbery/Robbery129_x264.mp4,1,60,,,,,,,,,,,,,,
Robbery/Robbery130_x264.mp4,0,59,,,,,,,,,,,,,,
Robbery/Robbery131_x264.mp4,12,50,,,,,,,,,,,,,,
Robbery/Robbery132_x264.mp4,6,21,,,,,,,,,,,,,,
Robbery/Robbery133_x264.mp4,8,47,,,,,,,,,,,,,,
Robbery/Robbery134_x264.mp4,9,20,,,,,,,,,,,,,,
Robbery/Robbery135_x264.mp4,8,44,64,108,,,,,,,,,,,,
Robbery/Robbery136_x264.mp4,0,64,,,,,,,,,,,,,,
Robbery/Robbery138_x264.mp4,1,19,,,,,,,,,,,,,,
Robbery/Robbery139_x264.mp4,7,31,,,,,,,,,,,,,,
Robbery/Robbery140_x264.mp4,15,34,,,,,,,,,,,,,,
Robbery/Robbery141_x264.mp4,14,90,,,,,,,,,,,,,,
Robbery/Robbery142_x264.mp4,25,80,,,,,,,,,,,,,,
Robbery/Robbery143_x264.mp4,5,23,,,,,,,,,,,,,,
Robbery/Robbery144_x264.mp4,20,25,,,,,,,,,,,,,,
Robbery/Robbery145_x264.mp4,1,42,,,,,,,,,,,,,,
Robbery/Robbery146_x264.mp4,1,48,,,,,,,,,,,,,,
Robbery/Robbery147_x264.mp4,0,24,,,,,,,,,,,,,,
Robbery/Robbery148_x264.mp4,11,14,,,,,,,,,,,,,,
Robbery/Robbery149_x264.mp4,2,25,,,,,,,,,,,,,,
Robbery/Robbery150_x264.mp4,77,120,,,,,,,,,,,,,,
Shooting/Shooting030_x264.mp4,22,27,,,,,,,,,,,,,,
Shooting/Shooting031_x264.mp4,45,55,,,,,,,,,,,,,,
Shooting/Shooting035_x264.mp4,,,,,,,,,,,,,,,,
Shooting/Shooting036_x264.mp4,6,21,,,,,,,,,,,,,,
Shooting/Shooting038_x264.mp4,4,19,29,32,,,,,,,,,,,,
Shooting/Shooting039_x264.mp4,21,24,,,,,,,,,,,,,,
Shooting/Shooting040_x264.mp4,13,19,,,,,,,,,,,,,,
Shooting/Shooting041_x264.mp4,13,18,,,,,,,,,,,,,,
Shooting/Shooting042_x264.mp4,34,40,,,,,,,,,,,,,,
Shooting/Shooting044_x264.mp4,3,11,,,,,,,,,,,,,,
Shooting/Shooting045_x264.mp4,133,144,,,,,,,,,,,,,,
Shooting/Shooting049_x264.mp4,,,,,,,,,,,,,,,,
Shooting/Shooting050_x264.mp4,48,74,,,,,,,,,,,,,,
Shooting/Shooting051_x264.mp4,13,20,26,39,,,,,,,,,,,,
Shooting/Shooting052_x264.mp4,60,69,117,126,,,,,,,,,,,,
Shooting/Shooting053_x264.mp4,2,23,,,,,,,,,,,,,,
Shooting/Shooting054_x264.mp4,4,9,,,,,,,,,,,,,,
Fighting/Fighting052_x264.mp4,1,5,,,,,,,,,,,,,,
Fighting/Fighting053_x264.mp4,0,8,,,,,,,,,,,,,,
Fighting/Fighting054_x264.mp4,0,7,,,,,,,,,,,,,,
Fighting/Fighting055_x264.mp4,4,10,,,,,,,,,,,,,,
Fighting/Fighting056_x264.mp4,5,12,,,,,,,,,,,,,,
Fighting/Fighting057_x264.mp4,3,18,,,,,,,,,,,,,,
Fighting/Fighting058_x264.mp4,0,19,,,,,,,,,,,,,,
Fighting/Fighting059_x264.mp4,2,3,7,15,,,,,,,,,,,,
Fighting/Fighting060_x264.mp4,7,16,,,,,,,,,,,,,,
Fighting/Fighting061_x264.mp4,8,29,,,,,,,,,,,,,,
Fighting/Fighting062_x264.mp4,7,25,,,,,,,,,,,,,,
Fighting/Fighting063_x264.mp4,6,32,,,,,,,,,,,,,,
Fighting/Fighting064_x264.mp4,15,36,,,,,,,,,,,,,,
Fighting/Fighting065_x264.mp4,0,10,11,19,,,,,,,,,,,,
Fighting/Fighting066_x264.mp4,0,38,,,,,,,,,,,,,,
Fighting/Fighting067_x264.mp4,26,33,,,,,,,,,,,,,,
Fighting/Fighting068_x264.mp4,0,41,,,,,,,,,,,,,,
Fighting/Fighting069_x264.mp4,13,24,,,,,,,,,,,,,,
Fighting/Fighting070_x264.mp4,10,21,,,,,,,,,,,,,,
Fighting/Fighting071_x264.mp4,12,20,,,,,,,,,,,,,,
Fighting/Fighting072_x264.mp4,9,21,,,,,,,,,,,,,,
Fighting/Fighting073_x264.mp4,7,14,28,,,,,,,,,,,,,
Fighting/Fighting074_x264.mp4,35,37,,,,,,,,,,,,,,
Fighting/Fighting075_x264.mp4,0,16,,,,,,,,,,,,,,
Fighting/Fighting076_x264.mp4,1,26,34,36,41,44,,,,,,,,,,
Fighting/Fighting077_x264.mp4,47,54,57,67,,,,,,,,,,,,
Fighting/Fighting078_x264.mp4,7,11,15,37,67,70,,,,,,,,,,
Fighting/Fighting079_x264.mp4,11,26,36,59,70,74,,,,,,,,,,
Fighting/Fighting080_x264.mp4,35,43,,,,,,,,,,,,,,
Fighting/Fighting081_x264.mp4,21,46,55,67,,,,,,,,,,,,
Fighting/Fighting082_x264.mp4,27,33,,,,,,,,,,,,,,
Fighting/Fighting083_x264.mp4,44,55,,,,,,,,,,,,,,
Fighting/Fighting084_x264.mp4,36,50,,,,,,,,,,,,,,
molotof001.mp4,68,138,,,,,,,,,,,,,,
molotof002.mp4,33,76,82,109,110,190,193,316,,,,,,,,
molotof003.mp4,12,29,44,53,57,98,107,158,163,181,223,266,,,,
molotof004.mp4,1,9,11,15,26,35,,,,,,,,,,
molotof005.mp4,0,29,,,,,,,,,,,,,,
molotof006.mp4,0,18,,,,,,,,,,,,,,
molotof007.mp4,0,16,,,,,,,,,,,,,,
molotof008.mp4,0,11,15,19,69,77,99,139,210,235,,,,,,
molotof009.mp4,11,72,75,98,137,170,,,,,,,,,,
molotof010.mp4,27,55,,,,,,,,,,,,,,
molotof011.mp4,9,42,,,,,,,,,,,,,,
molotof012.mp4,0,16,30,42,,,,,,,,,,,,
molotof013.mp4,0,105,,,,,,,,,,,,,,
molotof014.mp4,0,4,,,,,,,,,,,,,,
molotof015.mp4,2,12,37,47,,,,,,,,,,,,
molotof016.mp4,0,10,23,31,,,,,,,,,,,,
molotof017.mp4,0,62,,,,,,,,,,,,,,
molotof018.mp4,0,5,25,33,113,136,164,179,191,209,,,,,,
molotof019.mp4,5,45,47,87,,,,,,,,,,,,
molotof020.mp4,11,109,,,,,,,,,,,,,,
molotof021.mp4,2,10,26,46,,,,,,,,,,,,
molotof022.mp4,3,7,30,34,,,,,,,,,,,,
molotof023.mp4,0,16,,,,,,,,,,,,,,
molotof024.mp4,0,18,,,,,,,,,,,,,,
molotof025.mp4,11,48,,,,,,,,,,,,,,
molotof026.mp4,19,80,,,,,,,,,,,,,,
molotof027.mp4,87,130,153,190,209,240,,,,,,,,,,
molotof028.mp4,10,55,65,73,,,,,,,,,,,,
molotof029.mp4,0,40,60,67,,,,,,,,,,,,
molotof030.mp4,7,16,70,78,107,120,,,,,,,,,,
molotof031.mp4,0,4,7,21,46,55,99,125,126,138,209,224,,,,
molotof032.mp4,2,240,296,307,,,,,,,,,,,,
molotof033.mp4,0,9,20,35,66,111,,,,,,,,,,
molotof034.mp4,21,75,,,,,,,,,,,,,,
molotof035.mp4,34,71,,,,,,,,,,,,,,
molotof036.mp4,33,95,,,,,,,,,,,,,,
molotof037.mp4,9,222,,,,,,,,,,,,,,
molotof038.mp4,0,80,,,,,,,,,,,,,,
molotof039.mp4,0,6,,,,,,,,,,,,,,
molotof040.mp4,0,3,11,17,22,60,,,,,,,,,,
molotof041.mp4,12,20,25,30,,,,,,,,,,,,
molotof042.mp4,1,11,,,,,,,,,,,,,,
molotof043.mp4,0,10,14,18,22,54,74,100,,,,,,,,
molotof044.mp4,4,30,,,,,,,,,,,,,,
molotof045.mp4,0,9,15,28,34,67,118,137,,,,,,,,
molotof046.mp4,3,41,,,,,,,,,,,,,,
molotof047.mp4,2,7,,,,,,,,,,,,,,
molotof048.mp4,25,44,,,,,,,,,,,,,,
molotof049.mp4,3,36,46,60,,,,,,,,,,,,
molotof050.mp4,0,71,,,,,,,,,,,,,,
molotof051.mp4,0,53,59,73,88,93,,,,,,,,,,
molotof052.mp4,2,13,26,31,49,58,,,,,,,,,,
molotof053.mp4,80,133,142,197,209,240,305,443,525,544,,,,,,
molotof054.mp4,0,16,26,34,,,,,,,,,,,,
molotof055.mp4,1,26,47,59,,,,,,,,,,,,
molotof056.mp4,2,19,35,55,,,,,,,,,,,,
molotof057.mp4,3,10,,,,,,,,,,,,,,
molotof058.mp4,2,30,38,104,,,,,,,,,,,,
molotof059.mp4,0,40,,,,,,,,,,,,,,
molotof060.mp4,0,8,78,85,,,,,,,,,,,,
molotof061.mp4,24,104,,,,,,,,,,,,,,
molotof062.mp4,25,60,,,,,,,,,,,,,,
molotof063.mp4,3,33,53,59,,,,,,,,,,,,
molotof064.mp4,0,44,53,59,67,81,94,97,,,,,,,,
molotof065.mp4,5,51,,,,,,,,,,,,,,
molotof066.mp4,14,22,118,127,,,,,,,,,,,,
molotof067.mp4,26,33,,,,,,,,,,,,,,
molotof068.mp4,0,88,,,,,,,,,,,,,,
molotof069.mp4,0,44,,,,,,,,,,,,,,
molotof070.mp4,0,42,,,,,,,,,,,,,,
molotof071.mp4,15,47,,,,,,,,,,,,,,
molotof072.mp4,0,21,,,,,,,,,,,,,,
molotof073.mp4,11,43,49,87,,,,,,,,,,,,
molotof074.mp4,6,81,,,,,,,,,,,,,,
molotof075.mp4,0,13,20,32,131,161,180,193,,,,,,,,
molotof076.mp4,0,39,,,,,,,,,,,,,,
molotof077.mp4,2,17,,,,,,,,,,,,,,
molotof078.mp4,4,105,120,280,,,,,,,,,,,,
molotof079.mp4,0,65,72,84,,,,,,,,,,,,
molotof080.mp4,15,27,,,,,,,,,,,,,,
molotof081.mp4,4,15,18,26,70,81,,,,,,,,,,
molotof082.mp4,26,80,83,94,,,,,,,,,,,,
molotof083.mp4,0,105,,,,,,,,,,,,,,
molotof084.mp4,10,80,,,,,,,,,,,,,,
molotof085.mp4,2,9,11,14,,,,,,,,,,,,
molotof086.mp4,0,6,,,,,,,,,,,,,,
molotof087.mp4,41,59,,,,,,,,,,,,,,
molotof088.mp4,0,5,13,20,24,67,,,,,,,,,,
molotof089.mp4,58,165,,,,,,,,,,,,,,
molotof090.mp4,0,15,38,73,,,,,,,,,,,,
molotof091.mp4,0,29,58,87,,,,,,,,,,,,
molotof092.mp4,6,10,14,22,,,,,,,,,,,,
molotof093.mp4,19,33,,,,,,,,,,,,,,
molotof094.mp4,33,96,,,,,,,,,,,,,,
molotof095.mp4,0,39,,,,,,,,,,,,,,
molotof096.mp4,60,75,90,101,,,,,,,,,,,,
molotof097.mp4,13,31,,,,,,,,,,,,,,
molotof098.mp4,4,58,,,,,,,,,,,,,,
molotof099.mp4,1,67,,,,,,,,,,,,,,
molotof100.mp4,6,27,,,,,,,,,,,,,,
banner01,0,38,49,57,77,95,120,132,141,153,159,178,,,,
banner02,0,38,114,131,,,,,,,,,,,,
banner03,0,25,26,51,,,,,,,,,,,,
banner04,0,25,,,,,,,,,,,,,,
banner05,0,30,,,,,,,,,,,,,,
banner06,0,45,70,117,,,,,,,,,,,,
banner07,0,22,40,86,,,,,,,,,,,,
banner08,0,49,,,,,,,,,,,,,,
banner09,36,47,,,,,,,,,,,,,,
banner10,0,8,,,,,,,,,,,,,,
banner11,6,10,107,109,,,,,,,,,,,,
banner12,13,18,24,30,,,,,,,,,,,,
banner13,7,10,39,42,54,61,63,68,133,135,136,137,,,,
banner14,0,8,13,20,27,32,55,60,,,,,,,,
banner15,15,35,45,61,,,,,,,,,,,,
banner16,17,42,,,,,,,,,,,,,,
banner17,0,2,11,15,20,24,,,,,,,,,,
banner18,2,45,,,,,,,,,,,,,,
banner19,0,19,27,36,45,62,,,,,,,,,,
banner20,17,20,22,35,40,56,,,,,,,,,,
banner21,25,31,114,122,132,137,,,,,,,,,,
banner22,0,3,9,18,,,,,,,,,,,,
banner23,4,16,24,27,32,62,65,87,139,178,185,215,,,,
banner24,0,5,60,71,98,110,,,,,,,,,,
banner25,2,5,25,28,,,,,,,,,,,,
banner26,0,9,18,23,,,,,,,,,,,,
banner27,0,2,14,16,49,95,112,170,280,365,465,471,,,,
banner28,0,5,91,96,,,,,,,,,,,,
banner29,66,101,136,150,210,225,,,,,,,,,,
banner30,7,22,23,30,72,78,,,,,,,,,,
banner31,51,58,60,150,165,199,,,,,,,,,,
banner32,42,80,95,131,193,198,225,245,,,,,,,,
banner33,0,62,107,130,148,158,165,207,216,260,,,,,,
banner34,0,269,,,,,,,,,,,,,,
banner35,0,17,25,36,37,49,60,69,71,92,,,,,,
banner36,49,140,163,335,,,,,,,,,,,,
banner37,93,124,131,141,145,170,190,240,287,300,328,407,426,465,565,705
banner38,17,22,33,40,53,57,74,79,,,,,,,,
banner39,5,14,34,39,63,68,,,,,,,,,,
banner40,0,80,84,104,162,174,188,253,267,273,,,,,,
banner41,75,303,,,,,,,,,,,,,,
banner42,7,120,145,155,,,,,,,,,,,,
banner43,0,7,,,,,,,,,,,,,,
banner44,0,119,,,,,,,,,,,,,,
banner45,12,18,28,31,77,81,121,125,127,130,,,,,,
banner46,0,5,41,44,47,52,82,87,93,99,105,107,151,155,,
banner47,0,8,9,25,80,92,142,150,,,,,,,,
banner48,11,47,,,,,,,,,,,,,,
banner49,0,13,37,60,76,107,119,135,,,,,,,,
banner50,0,20,,,,,,,,,,,,,,
banner51,4,8,10,13,20,23,24,30,,,,,,,,
banner52,0,53,86,103,122,136,138,154,,,,,,,,
banner53,11,30,32,65,72,168,170,177,,,,,,,,
banner54,0,6,25,28,45,49,,,,,,,,,,
banner55,0,36,,,,,,,,,,,,,,
banner56,10,13,,,,,,,,,,,,,,
banner57,0,63,,,,,,,,,,,,,,
banner58,0,17,,,,,,,,,,,,,,
banner59,0,15,,,,,,,,,,,,,,
banner60,0,26,,,,,,,,,,,,,,
banner61,0,20,25,47,70,90,,,,,,,,,,
banner62,0,66,70,110,120,173,,,,,,,,,,
banner63,0,15,50,95,,,,,,,,,,,,
banner64,0,15,53,95,,,,,,,,,,,,
banner65,0,15,45,60,,,,,,,,,,,,
banner66,0,17,,,,,,,,,,,,,,
banner67,0,30,95,145,,,,,,,,,,,,
banner68,0,13,,,,,,,,,,,,,,
banner69,0,5,10,33,55,165,220,285,,,,,,,,
banner70,0,60,80,150,,,,,,,,,,,,
banner71,7,18,,,,,,,,,,,,,,
banner72,0,4,30,55,,,,,,,,,,,,
banner73,0,4,35,60,,,,,,,,,,,,
banner74,0,60,80,100,,,,,,,,,,,,
banner75,0,25,40,65,,,,,,,,,,,,
banner76,10,50,60,70,,,,,,,,,,,,
banner77,0,45,55,120,,,,,,,,,,,,
banner78,0,40,65,125,,,,,,,,,,,,
banner79,1,10,,,,,,,,,,,,,,
banner80,0,96,,,,,,,,,,,,,,
banner81,0,14,,,,,,,,,,,,,,
banner82,0,15,,,,,,,,,,,,,,
banner83,0,12,,,,,,,,,,,,,,
banner84,12,18,106,113,138,150,,,,,,,,,,
banner85,0,8,20,26,,,,,,,,,,,,
banner86,0,7,10,17,,,,,,,,,,,,
banner87,0,33,,,,,,,,,,,,,,
banner88,10,25,,,,,,,,,,,,,,
banner89,0,25,,,,,,,,,,,,,,
banner90,0,10,,,,,,,,,,,,,,
banner91,0,13,35,50,,,,,,,,,,,,
banner92,0,5,70,80,85,120,140,205,,,,,,,,
banner93,0,10,,,,,,,,,,,,,,
banner94,0,13,87,119,150,170,,,,,,,,,,
banner95,0,240,,,,,,,,,,,,,,
banner96,0,10,65,70,,,,,,,,,,,,
banner97,0,13,72,100,,,,,,,,,,,,
banner98,0,20,87,130,160,200,220,250,,,,,,,,
banner99,6,22,42,80,,,,,,,,,,,,
banner100,0,50,115,125,,,,,,,,,,,,
banner101,0,28,50,60,100,125,,,,,,,,,,
banner102,0,22,32,55,,,,,,,,,,,,
banner103,0,23,30,45,,,,,,,,,,,,
banner104,0,40,60,85,,,,,,,,,,,,
banner105,0,50,,,,,,,,,,,,,,
banner106,22,35,55,66,138,150,270,295,313,345,375,407,437,450,,
banner107,0,102,,,,,,,,,,,,,,
banner108,24,65,78,85,,,,,,,,,,,,
banner109,0,7,20,34,70,160,168,180,225,245,,,,,,
banner110,5,17,19,22,30,38,40,45,,,,,,,,
banner111,0,75,,,,,,,,,,,,,,
banner112,0,17,,,,,,,,,,,,,,
banner113,30,37,46,60,,,,,,,,,,,,
banner114,13,95,100,120,,,,,,,,,,,,
banner115,7,17,,,,,,,,,,,,,,